,import_times,sample_rates,track_duration
0,13.1875,22050,168
1,11.09375,22050,237
2,9.359375,22050,206
3,7.1875,22050,161
4,14.03125,22050,311
5,8.0625,22050,181
6,8.03125,22050,174
7,4.71875,22050,104
8,9.375,22050,205
9,9.609375,22050,207
10,36.328125,22050,837
11,22.78125,22050,509
12,53.640625,22050,1233
13,54.65625,22050,1231
14,13.4375,22050,296
15,11.390625,22050,253
16,7.734375,22050,182
17,20.046875,22050,470
18,3.734375,22050,82
19,14.375,22050,326
20,15.171875,22050,354
21,9.953125,22050,232
22,6.046875,22050,138
23,41.953125,22050,988
24,51.25,22050,1182
25,7.984375,22050,192
26,7.890625,22050,193
27,16.8125,22050,405
28,13.5,22050,319
29,33.359375,22050,756
30,5.84375,22050,122
31,9.125,22050,212
32,20.015625,22050,473
33,9.578125,22050,221
34,3.109375,22050,70
35,6.421875,22050,147
36,11.203125,22050,270
37,13.5,22050,307
38,9.921875,22050,236
39,7.640625,22050,185
40,17.1875,22050,392
41,11.875,22050,278
42,2.421875,22050,60
43,6.046875,22050,144
44,7.8125,22050,181
45,3.5,22050,80
46,9.015625,22050,206
47,9.5,22050,218
48,8.453125,22050,199
49,5.125,22050,111
50,7.0625,22050,160
51,5.75,22050,129
52,10.9375,22050,259
53,4.046875,22050,90
54,7.515625,22050,171
55,9.625,22050,228
56,11.15625,22050,260
57,11.234375,22050,254
58,6.40625,22050,143
59,2.03125,22050,44
60,12.0625,22050,283
61,10.546875,22050,249
62,9.5,22050,224
63,1.671875,22050,40
64,10.9375,22050,254
65,8.90625,22050,192
66,14.359375,22050,339
67,7.140625,22050,170
68,3.15625,22050,68
69,13.296875,22050,269
70,14.671875,22050,263
71,10.25,22050,194
72,10.4375,22050,210
73,13.734375,22050,258
74,9.890625,22050,195
75,16.921875,22050,324
76,13.546875,22050,244
77,7.9375,22050,141
78,6.109375,22050,96
79,13.828125,22050,273
80,17.25,22050,328
81,10.140625,22050,184
82,11.71875,22050,247
83,12.21875,22050,230
84,12.328125,22050,247
85,12.03125,22050,231
86,11.28125,22050,218
87,15.421875,22050,309
88,23.46875,22050,450
89,42.578125,22050,821
90,8.4375,22050,162
91,7.625,22050,146
92,8.6875,22050,169
93,8.03125,22050,125
94,12.703125,22050,214
95,6.25,22050,114
96,7.484375,22050,173
97,6.296875,22050,148
98,7.75,22050,171
99,7.71875,22050,182
100,8.921875,22050,202
101,6.34375,22050,146
102,16.921875,22050,384
103,5.109375,22050,111
104,8.4375,22050,192
105,7.484375,22050,167
106,8.328125,22050,186
107,12.046875,22050,282
108,14.953125,22050,346
109,14.203125,22050,323
110,6.453125,22050,141
111,10.03125,22050,234
112,12.90625,22050,311
113,9.734375,22050,218
114,16.515625,22050,373
115,8.296875,22050,192
116,6.109375,22050,136
117,8.0,22050,191
118,6.84375,22050,159
119,5.65625,22050,129
120,8.625,22050,205
121,7.875,22050,186
122,10.0625,22050,229
123,6.046875,22050,146
124,8.65625,22050,205
125,8.71875,22050,199
126,6.125,22050,142
127,6.875,22050,166
128,11.75,22050,280
129,3.625,22050,87
130,8.6875,22050,198
131,1.859375,22050,41
132,6.796875,22050,156
133,13.953125,22050,316
134,11.609375,22050,273
135,4.609375,22050,110
136,9.875,22050,237
137,5.140625,22050,120
138,8.671875,22050,199
139,4.59375,22050,105
140,11.453125,22050,259
141,9.9375,22050,236
142,11.59375,22050,270
143,9.53125,22050,214
144,7.578125,22050,174
145,4.109375,22050,96
146,12.359375,22050,275
147,8.21875,22050,188
148,8.78125,22050,204
149,11.328125,22050,271
150,3.65625,22050,88
151,4.953125,22050,110
152,6.046875,22050,142
153,3.53125,22050,84
154,2.453125,22050,55
155,2.875,22050,66
156,5.09375,22050,115
157,8.71875,22050,202
158,6.96875,22050,158
159,6.703125,22050,150
160,7.328125,22050,165
161,3.1875,22050,74
162,4.53125,22050,101
163,11.109375,22050,249
164,7.375,22050,165
165,6.125,22050,149
166,2.6875,22050,60
167,6.21875,22050,144
168,9.609375,22050,225
169,6.03125,22050,139
170,4.984375,22050,121
171,7.921875,22050,178
172,5.609375,22050,126
173,9.34375,22050,218
174,5.3125,22050,122
175,6.984375,22050,165
176,6.34375,22050,152
177,4.546875,22050,104
178,6.28125,22050,144
179,4.484375,22050,110
180,11.875,22050,280
181,8.09375,22050,185
182,9.296875,22050,213
183,10.40625,22050,251
184,10.1875,22050,249
185,11.421875,22050,261
186,15.09375,22050,357
187,13.46875,22050,326
188,34.328125,22050,810
189,10.546875,22050,243
190,16.171875,22050,380
191,48.375,22050,1137
192,10.234375,22050,240
193,14.78125,22050,344
194,16.328125,22050,388
195,18.171875,22050,395
196,53.8125,22050,1076
197,27.59375,22050,541
198,9.921875,22050,198
199,37.09375,22050,704
200,25.609375,22050,439
201,40.21875,22050,756
202,17.6875,22050,354
203,12.203125,22050,247
204,18.796875,22050,379
205,7.390625,22050,146
206,12.8125,22050,253
207,10.859375,22050,230
208,36.875,22050,745
209,13.765625,22050,280
210,24.3125,22050,486
211,9.078125,22050,191
212,45.65625,22050,901
213,5.6875,22050,116
214,73.328125,22050,1459
215,19.359375,22050,374
216,3.640625,22050,76
217,19.34375,22050,384
218,5.828125,22050,114
219,4.234375,22050,83
220,6.296875,22050,122
221,7.0,22050,136
222,4.0,22050,82
223,3.140625,22050,64
224,4.109375,22050,80
225,6.28125,22050,123
226,3.875,22050,78
227,9.078125,22050,177
228,37.609375,22050,734
229,6.0,22050,117
230,17.6875,22050,352
231,12.71875,22050,256
232,0.90625,22050,15
233,11.171875,22050,227
234,13.34375,22050,255
235,15.453125,22050,312
236,1.84375,22050,32
237,28.8125,22050,551
238,4.4375,22050,87
239,5.390625,22050,104
240,13.75,22050,266
241,0.90625,22050,18
242,11.359375,22050,220
243,14.234375,22050,283
244,2.140625,22050,42
245,11.328125,22050,223
246,15.5,22050,301
247,16.71875,22050,328
248,15.765625,22050,323
249,11.328125,22050,224
250,19.953125,22050,397
251,11.5625,22050,221
252,14.671875,22050,281
253,8.1875,22050,157
254,14.953125,22050,296
255,11.140625,22050,221
256,8.734375,22050,172
257,9.8125,22050,199
258,3.578125,22050,67
259,9.265625,22050,176
260,9.21875,22050,187
261,6.65625,22050,128
262,11.90625,22050,231
263,8.828125,22050,177
264,5.390625,22050,104
265,13.015625,22050,261
266,2.90625,22050,58
267,6.203125,22050,126
268,6.59375,22050,119
269,5.953125,22050,115
270,7.046875,22050,138
271,10.578125,22050,213
272,8.671875,22050,170
273,6.0625,22050,118
274,5.5625,22050,110
275,10.953125,22050,210
276,18.453125,22050,349
277,8.078125,22050,161
278,11.671875,22050,243
279,45.5625,22050,899
280,8.828125,22050,173
281,3.03125,22050,59
282,3.859375,22050,75
283,6.796875,22050,127
284,16.96875,22050,326
285,38.8125,22050,780
286,15.25,22050,296
287,12.3125,22050,242
288,11.484375,22050,220
289,10.0,22050,201
290,11.671875,22050,235
291,7.453125,22050,154
292,12.171875,22050,240
293,7.671875,22050,158
294,4.734375,22050,87
295,12.078125,22050,242
296,8.484375,22050,178
297,7.59375,22050,146
298,22.5,22050,465
299,15.140625,22050,301
300,8.75,22050,181
301,7.28125,22050,143
302,6.171875,22050,127
303,7.765625,22050,149
304,6.875,22050,137
305,9.609375,22050,195
306,9.703125,22050,189
307,6.875,22050,133
308,7.546875,22050,146
309,4.984375,22050,99
310,8.34375,22050,169
311,10.796875,22050,211
312,8.390625,22050,168
313,9.34375,22050,191
314,4.03125,22050,80
315,7.953125,22050,160
316,15.390625,22050,304
317,19.984375,22050,406
318,10.890625,22050,204
319,7.40625,22050,149
320,16.046875,22050,309
321,18.78125,22050,370
322,25.15625,22050,487
323,5.109375,22050,103
324,38.96875,22050,773
325,12.546875,22050,242
326,16.328125,22050,319
327,12.59375,22050,248
328,11.703125,22050,235
329,8.25,22050,155
330,13.640625,22050,272
331,6.671875,22050,135
332,11.4375,22050,234
333,11.078125,22050,228
334,9.09375,22050,178
335,17.046875,22050,342
336,8.4375,22050,165
337,7.671875,22050,157
338,13.15625,22050,268
339,3.421875,22050,69
340,8.390625,22050,168
341,6.84375,22050,141
342,7.859375,22050,154
343,9.578125,22050,182
344,6.25,22050,130
345,7.625,22050,147
346,7.3125,22050,149
347,7.0,22050,141
348,3.9375,22050,79
349,8.65625,22050,178
350,19.609375,22050,394
351,13.1875,22050,267
352,17.234375,22050,342
353,13.65625,22050,265
354,6.75,22050,130
355,11.921875,22050,241
356,7.078125,22050,143
357,9.4375,22050,183
358,6.9375,22050,134
359,11.953125,22050,228
360,6.296875,22050,122
361,5.875,22050,121
362,5.046875,22050,99
363,3.625,22050,72
364,2.328125,22050,49
365,6.609375,22050,131
366,11.6875,22050,228
367,10.453125,22050,206
368,9.484375,22050,189
369,21.53125,22050,432
370,22.15625,22050,445
371,21.421875,22050,439
372,15.15625,22050,303
373,5.40625,22050,108
374,0.1875,22050,94
375,0.21875,22050,120
376,8.328125,22050,159
377,8.890625,22050,174
378,7.46875,22050,150
379,6.875,22050,128
380,11.21875,22050,225
381,17.703125,22050,342
382,9.0,22050,182
383,25.78125,22050,519
384,33.890625,22050,687
385,12.46875,22050,250
386,13.234375,22050,264
387,10.203125,22050,198
388,10.15625,22050,205
389,8.21875,22050,161
390,22.359375,22050,441
391,11.953125,22050,231
392,16.828125,22050,324
393,12.359375,22050,234
394,17.71875,22050,343
395,13.296875,22050,268
396,15.640625,22050,310
397,16.984375,22050,344
398,10.421875,22050,216
399,12.296875,22050,246
400,11.109375,22050,222
401,7.78125,22050,154
402,6.65625,22050,133
403,20.9375,22050,421
404,12.5,22050,237
405,32.046875,22050,635
406,9.0,22050,172
407,6.0625,22050,124
408,24.671875,22050,500
409,4.421875,22050,83
410,37.328125,22050,738
411,18.125,22050,349
412,10.125,22050,197
413,4.53125,22050,94
414,16.640625,22050,321
415,6.421875,22050,122
416,16.421875,22050,318
417,9.4375,22050,180
418,9.515625,22050,180
419,8.953125,22050,180
420,9.0625,22050,180
421,19.296875,22050,390
422,14.09375,22050,288
423,16.109375,22050,314
424,32.296875,22050,641
425,22.765625,22050,460
426,15.34375,22050,303
427,23.4375,22050,459
428,5.78125,22050,114
429,31.765625,22050,628
430,8.96875,22050,174
431,13.53125,22050,268
432,11.515625,22050,235
433,11.984375,22050,246
434,10.984375,22050,221
435,10.28125,22050,224
436,13.171875,22050,258
437,12.71875,22050,258
438,8.84375,22050,182
439,8.859375,22050,180
440,12.796875,22050,253
441,12.25,22050,251
442,9.53125,22050,197
443,10.234375,22050,198
444,17.15625,22050,341
445,17.09375,22050,340
446,8.75,22050,181
447,9.03125,22050,181
448,11.203125,22050,226
449,10.890625,22050,218
450,15.703125,22050,316
451,15.625,22050,319
452,10.140625,22050,198
453,10.078125,22050,197
454,15.296875,22050,303
455,15.3125,22050,302
456,15.140625,22050,290
457,18.453125,22050,365
458,11.171875,22050,227
459,27.640625,22050,559
460,14.34375,22050,291
461,5.3125,22050,104
462,6.59375,22050,130
463,8.65625,22050,173
464,4.5,22050,88
465,9.53125,22050,191
466,6.609375,22050,131
467,6.140625,22050,130
468,8.5,22050,162
469,11.96875,22050,239
470,15.65625,22050,310
471,18.296875,22050,369
472,15.71875,22050,312
473,16.65625,22050,330
474,14.53125,22050,289
475,9.890625,22050,192
476,7.78125,22050,159
477,9.734375,22050,191
478,7.25,22050,143
479,17.140625,22050,338
480,13.90625,22050,283
481,14.90625,22050,297
482,22.265625,22050,451
483,6.3125,22050,128
484,15.125,22050,299
485,10.015625,22050,190
486,6.03125,22050,117
487,10.046875,22050,204
488,52.75,22050,1048
489,39.21875,22050,785
490,5.984375,22050,120
491,12.421875,22050,251
492,29.3125,22050,574
493,15.5,22050,300
494,25.84375,22050,510
495,17.390625,22050,340
496,6.53125,22050,128
497,14.78125,22050,298
498,13.546875,22050,265
499,22.421875,22050,446
500,8.84375,22050,172
501,12.578125,22050,247
502,22.625,22050,477
503,21.71875,22050,425
504,18.03125,22050,347
505,10.546875,22050,215
506,20.578125,22050,405
507,17.359375,22050,338
508,16.09375,22050,320
509,21.484375,22050,424
510,13.09375,22050,261
511,14.5625,22050,299
512,7.046875,22050,132
513,9.359375,22050,185
514,8.109375,22050,159
515,13.4375,22050,265
516,8.71875,22050,167
517,24.078125,22050,475
518,10.40625,22050,206
519,17.3125,22050,346
520,9.84375,22050,191
521,14.03125,22050,263
522,21.109375,22050,406
523,6.734375,22050,130
524,8.171875,22050,160
525,11.296875,22050,221
526,7.203125,22050,138
527,9.421875,22050,191
528,9.0,22050,184
529,9.03125,22050,179
530,12.59375,22050,255
531,15.671875,22050,309
532,9.453125,22050,182
533,6.40625,22050,125
534,10.53125,22050,210
535,11.28125,22050,217
536,10.0625,22050,198
537,15.28125,22050,311
538,4.6875,22050,90
539,7.328125,22050,153
540,3.9375,22050,71
541,4.59375,22050,89
542,1.40625,22050,27
543,1.4375,22050,27
544,2.578125,22050,51
545,0.515625,22050,8
546,1.453125,22050,27
547,8.34375,22050,172
548,2.25,22050,41
549,2.265625,22050,39
550,0.328125,22050,4
551,1.515625,22050,34
552,4.96875,22050,101
553,2.296875,22050,44
554,7.0625,22050,145
555,0.359375,22050,6
556,2.015625,22050,37
557,4.890625,22050,102
558,5.171875,22050,109
559,0.6875,22050,13
560,14.40625,22050,298
561,9.0,22050,186
562,5.75,22050,115
563,8.703125,22050,181
564,6.109375,22050,124
565,5.21875,22050,110
566,11.4375,22050,232
567,12.859375,22050,244
568,7.546875,22050,146
569,8.84375,22050,176
570,10.53125,22050,199
571,2.953125,22050,60
572,12.015625,22050,238
573,8.4375,22050,170
574,6.671875,22050,130
575,9.6875,22050,200
576,16.796875,22050,323
577,12.40625,22050,245
578,8.09375,22050,165
579,4.359375,22050,83
580,13.203125,22050,258
581,11.375,22050,217
582,10.03125,22050,198
583,7.171875,22050,144
584,10.65625,22050,206
585,10.171875,22050,199
586,7.40625,22050,139
587,12.09375,22050,238
588,8.921875,22050,183
589,13.34375,22050,269
590,10.3125,22050,200
591,12.5,22050,249
592,7.234375,22050,140
593,13.328125,22050,257
594,7.109375,22050,139
595,8.03125,22050,152
596,8.875,22050,175
597,17.59375,22050,346
598,8.734375,22050,176
599,9.34375,22050,183
600,9.453125,22050,184
601,50.53125,22050,1005
602,13.484375,22050,274
603,13.421875,22050,269
604,12.21875,22050,252
605,6.828125,22050,137
606,5.71875,22050,118
607,3.125,22050,64
608,2.484375,22050,46
609,1.515625,22050,28
610,3.09375,22050,62
611,1.640625,22050,33
612,2.25,22050,44
613,3.484375,22050,69
614,3.421875,22050,69
615,4.515625,22050,90
616,37.25,22050,731
617,44.734375,22050,925
618,29.109375,22050,571
619,27.890625,22050,569
620,10.09375,22050,208
621,16.140625,22050,316
622,8.0,22050,157
623,14.09375,22050,272
624,13.890625,22050,267
625,14.53125,22050,292
626,9.328125,22050,185
627,11.359375,22050,223
628,20.34375,22050,403
629,4.96875,22050,102
630,24.484375,22050,489
631,6.78125,22050,135
632,12.734375,22050,253
633,8.984375,22050,177
634,6.75,22050,130
635,8.84375,22050,175
636,9.46875,22050,184
637,21.671875,22050,437
638,23.375,22050,473
639,15.421875,22050,297
640,20.546875,22050,402
641,23.796875,22050,480
642,23.0,22050,446
643,14.265625,22050,289
644,17.078125,22050,340
645,13.953125,22050,274
646,13.328125,22050,275
647,11.609375,22050,229
648,42.84375,22050,860
649,20.203125,22050,399
650,9.84375,22050,200
651,11.84375,22050,233
652,12.921875,22050,251
653,6.59375,22050,135
654,6.515625,22050,135
655,6.578125,22050,132
656,9.796875,22050,199
657,9.609375,22050,183
658,6.4375,22050,127
659,2.734375,22050,57
660,10.375,22050,204
661,10.703125,22050,221
662,8.390625,22050,168
663,5.046875,22050,101
664,5.984375,22050,121
665,6.296875,22050,120
666,6.484375,22050,129
667,10.5625,22050,219
668,7.203125,22050,145
669,9.953125,22050,203
670,12.765625,22050,254
671,8.640625,22050,173
672,8.75,22050,173
673,23.25,22050,453
674,9.796875,22050,189
675,6.078125,22050,123
676,7.15625,22050,136
677,7.390625,22050,156
678,7.71875,22050,155
679,4.546875,22050,92
680,4.890625,22050,96
681,8.125,22050,159
682,9.1875,22050,184
683,9.109375,22050,184
684,10.34375,22050,206
685,9.234375,22050,180
686,10.0625,22050,195
687,11.09375,22050,216
688,10.734375,22050,213
689,6.515625,22050,128
690,8.71875,22050,172
691,8.390625,22050,159
692,9.796875,22050,191
693,4.296875,22050,81
694,7.9375,22050,155
695,3.15625,22050,68
696,7.375,22050,138
697,6.9375,22050,128
698,6.15625,22050,125
699,10.546875,22050,201
700,6.015625,22050,120
701,7.71875,22050,154
702,5.625,22050,110
703,4.9375,22050,95
704,9.5,22050,188
705,6.34375,22050,126
706,7.546875,22050,143
707,9.578125,22050,195
708,7.765625,22050,152
709,5.8125,22050,117
710,10.0625,22050,205
711,13.09375,22050,258
712,7.921875,22050,158
713,8.953125,22050,178
714,5.65625,22050,103
715,8.21875,22050,161
716,5.65625,22050,111
717,8.171875,22050,163
718,7.59375,22050,148
719,6.890625,22050,129
720,3.375,22050,65
721,10.65625,22050,205
722,6.34375,22050,128
723,9.75,22050,192
724,7.765625,22050,149
725,6.1875,22050,124
726,11.015625,22050,225
727,18.4375,22050,368
728,2.984375,22050,58
729,7.390625,22050,149
730,9.09375,22050,182
731,5.25,22050,101
732,2.125,22050,37
733,16.234375,22050,328
734,9.96875,22050,191
735,5.953125,22050,118
736,5.578125,22050,109
737,15.609375,22050,313
738,18.140625,22050,350
739,6.84375,22050,138
740,9.09375,22050,178
741,7.09375,22050,133
742,4.453125,22050,86
743,14.96875,22050,298
744,21.859375,22050,429
745,26.390625,22050,520
746,23.328125,22050,475
747,32.03125,22050,635
748,32.953125,22050,643
749,35.8125,22050,720
750,17.390625,22050,348
751,2.765625,22050,51
752,15.234375,22050,298
753,19.53125,22050,377
754,16.578125,22050,325
755,10.9375,22050,212
756,17.4375,22050,338
757,11.125,22050,219
758,11.625,22050,240
759,17.578125,22050,355
760,15.734375,22050,316
761,19.453125,22050,386
762,11.296875,22050,219
763,20.734375,22050,413
764,25.265625,22050,503
765,17.453125,22050,339
766,20.46875,22050,409
767,4.265625,22050,86
768,12.78125,22050,260
769,7.1875,22050,144
770,0.859375,22050,16
771,5.03125,22050,103
772,6.421875,22050,128
773,15.78125,22050,309
774,33.8125,22050,679
775,25.484375,22050,507
776,32.453125,22050,641
777,20.46875,22050,413
778,41.828125,22050,842
779,54.71875,22050,1064
780,13.40625,22050,273
781,7.234375,22050,136
782,8.375,22050,169
783,15.9375,22050,310
784,16.765625,22050,324
785,12.125,22050,242
786,16.625,22050,332
787,14.5,22050,296
788,6.390625,22050,124
789,17.90625,22050,352
790,12.328125,22050,244
791,9.234375,22050,180
792,12.109375,22050,241
793,13.765625,22050,278
794,52.34375,22050,1046
795,14.125,22050,278
796,15.078125,22050,302
797,7.59375,22050,146
798,5.875,22050,111
799,12.890625,22050,256
800,7.078125,22050,144
801,5.921875,22050,115
802,10.6875,22050,214
803,11.90625,22050,234
804,0.875,22050,16
805,3.859375,22050,75
806,5.234375,22050,110
807,3.203125,22050,59
808,7.40625,22050,144
809,4.265625,22050,89
810,4.625,22050,93
811,5.21875,22050,108
812,3.0,22050,62
813,8.46875,22050,165
814,8.46875,22050,176
815,10.765625,22050,207
816,8.8125,22050,174
817,6.1875,22050,118
818,10.421875,22050,206
819,9.234375,22050,187
820,23.890625,22050,472
821,0.65625,22050,12
822,9.234375,22050,183
823,11.328125,22050,220
824,15.65625,22050,315
825,10.875,22050,209
826,7.265625,22050,142
827,12.640625,22050,252
828,15.296875,22050,296
829,4.0625,22050,78
830,18.71875,22050,377
831,20.390625,22050,401
832,25.0625,22050,500
833,10.65625,22050,205
834,16.140625,22050,312
835,17.859375,22050,349
836,4.375,22050,87
837,6.75,22050,135
838,13.1875,22050,266
839,15.984375,22050,327
840,17.328125,22050,323
841,18.75,22050,369
842,13.40625,22050,268
843,27.578125,22050,542
844,51.375,22050,1400
845,30.125,22050,825
846,82.359375,22050,1636
847,18.5625,22050,378
848,11.40625,22050,236
849,10.34375,22050,208
850,9.296875,22050,182
851,24.125,22050,482
852,8.765625,22050,167
853,28.546875,22050,584
854,10.171875,22050,195
855,9.59375,22050,180
856,5.90625,22050,114
857,9.859375,22050,187
858,9.640625,22050,184
859,9.578125,22050,187
860,4.71875,22050,100
861,12.296875,22050,242
862,8.578125,22050,177
863,10.875,22050,208
864,6.8125,22050,134
865,10.5,22050,209
866,7.921875,22050,164
867,4.46875,22050,91
868,10.984375,22050,220
869,10.734375,22050,214
870,8.359375,22050,172
871,14.875,22050,299
872,17.078125,22050,356
873,16.6875,22050,322
874,15.203125,22050,310
875,24.625,22050,494
876,16.78125,22050,339
877,13.234375,22050,270
878,7.5625,22050,148
879,9.40625,22050,189
880,12.828125,22050,252
881,8.59375,22050,171
882,10.828125,22050,209
883,7.984375,22050,152
884,8.65625,22050,170
885,8.0625,22050,157
886,5.765625,22050,114
887,8.75,22050,176
888,6.828125,22050,143
889,6.203125,22050,130
890,9.671875,22050,183
891,4.890625,22050,95
892,9.5,22050,186
893,13.765625,22050,280
894,13.421875,22050,276
895,6.328125,22050,128
896,11.109375,22050,230
897,8.25,22050,165
898,8.015625,22050,166
899,5.484375,22050,109
900,11.015625,22050,215
901,8.6875,22050,171
902,8.9375,22050,174
903,0.5,22050,9
904,7.671875,22050,151
905,0.921875,22050,17
906,17.328125,22050,341
907,0.671875,22050,12
908,8.59375,22050,171
909,14.859375,22050,295
910,6.140625,22050,113
911,7.0625,22050,136
912,10.0,22050,189
913,9.59375,22050,195
914,13.046875,22050,261
915,7.0625,22050,135
916,11.96875,22050,233
917,8.078125,22050,156
918,17.671875,22050,348
919,8.90625,22050,172
920,14.59375,22050,286
921,2.78125,22050,54
922,10.296875,22050,212
923,11.0625,22050,221
924,7.953125,22050,161
925,19.171875,22050,378
926,7.265625,22050,146
927,9.59375,22050,194
928,7.0,22050,134
929,6.453125,22050,130
930,10.625,22050,206
931,1.015625,22050,20
932,26.203125,22050,520
933,8.296875,22050,158
934,19.28125,22050,377
935,19.6875,22050,393
936,16.5625,22050,325
937,22.734375,22050,452
938,16.421875,22050,307
939,75.59375,22050,1506
940,65.625,22050,1312
941,15.484375,22050,315
942,92.078125,22050,1821
943,68.09375,22050,1352
944,61.640625,22050,1249
945,17.9375,22050,347
946,13.78125,22050,278
947,14.59375,22050,287
948,9.0625,22050,173
949,0.328125,22050,8
950,13.40625,22050,274
951,21.125,22050,419
952,13.28125,22050,261
953,7.0625,22050,137
954,0.65625,22050,12
955,24.828125,22050,461
956,0.8125,22050,13
957,24.828125,22050,491
958,3.734375,22050,77
959,6.0625,22050,115
960,10.3125,22050,210
961,19.890625,22050,391
962,1.078125,22050,19
963,1.5,22050,29
964,29.46875,22050,588
965,109.75,22050,2192
966,0.84375,22050,17
967,11.921875,22050,241
968,0.96875,22050,19
969,7.9375,22050,162
970,15.6875,22050,314
971,14.328125,22050,290
972,14.953125,22050,291
973,18.125,22050,377
974,28.546875,22050,566
975,40.546875,22050,815
976,29.25,22050,593
977,10.859375,22050,213
978,12.96875,22050,252
979,16.859375,22050,326
980,11.65625,22050,233
981,18.5,22050,368
982,41.421875,22050,805
983,20.828125,22050,422
984,10.59375,22050,208
985,9.609375,22050,191
986,18.0,22050,364
987,13.453125,22050,266
988,5.578125,22050,116
989,31.8125,22050,621
990,5.421875,22050,106
991,17.203125,22050,338
992,10.9375,22050,219
993,6.203125,22050,126
994,20.140625,22050,394
995,7.296875,22050,149
996,5.328125,22050,104
997,7.625,22050,147
998,4.65625,22050,101
999,7.203125,22050,142
1000,6.421875,22050,122
1001,7.375,22050,145
1002,12.40625,22050,253
1003,29.421875,22050,592
1004,4.375,22050,81
1005,8.296875,22050,161
1006,11.984375,22050,240
1007,10.234375,22050,204
1008,11.34375,22050,228
1009,9.0,22050,174
1010,5.125,22050,98
1011,8.296875,22050,164
1012,10.515625,22050,208
1013,8.640625,22050,178
1014,6.15625,22050,119
1015,5.640625,22050,113
1016,11.140625,22050,224
1017,13.59375,22050,266
1018,8.109375,22050,158
1019,5.671875,22050,114
1020,3.765625,22050,73
1021,8.171875,22050,168
1022,8.8125,22050,178
1023,5.125,22050,98
1024,8.625,22050,166
1025,14.625,22050,286
1026,22.6875,22050,437
1027,8.0,22050,160
1028,8.6875,22050,174
1029,6.3125,22050,127
1030,24.625,22050,505
1031,12.390625,22050,240
1032,11.296875,22050,225
1033,7.3125,22050,150
1034,6.875,22050,134
1035,8.171875,22050,158
1036,5.6875,22050,103
1037,9.921875,22050,193
1038,10.5625,22050,208
1039,13.984375,22050,276
1040,16.546875,22050,332
1041,6.203125,22050,123
1042,3.96875,22050,78
1043,23.78125,22050,480
1044,6.671875,22050,137
1045,8.40625,22050,172
1046,11.46875,22050,230
1047,4.65625,22050,90
1048,13.171875,22050,261
1049,22.046875,22050,429
1050,19.6875,22050,369
1051,10.890625,22050,212
1052,4.234375,22050,83
1053,14.34375,22050,276
1054,8.125,22050,160
1055,11.984375,22050,234
1056,16.0625,22050,324
1057,12.78125,22050,252
1058,12.09375,22050,240
1059,8.59375,22050,165
1060,12.375,22050,240
1061,9.765625,22050,193
1062,4.640625,22050,85
1063,7.140625,22050,134
1064,6.0,22050,118
1065,3.953125,22050,76
1066,11.640625,22050,224
1067,5.59375,22050,114
1068,20.03125,22050,381
1069,16.171875,22050,312
1070,18.484375,22050,365
1071,30.71875,22050,610
1072,17.6875,22050,325
1073,14.03125,22050,276
1074,26.546875,22050,511
1075,11.671875,22050,225
1076,16.171875,22050,312
1077,8.21875,22050,153
1078,88.625,22050,1745
1079,4.515625,22050,85
1080,8.984375,22050,171
1081,6.671875,22050,134
1082,4.109375,22050,78
1083,5.65625,22050,110
1084,8.40625,22050,164
1085,1.65625,22050,32
1086,8.75,22050,166
1087,24.125,22050,471
1088,10.6875,22050,197
1089,4.890625,22050,100
1090,8.59375,22050,157
1091,6.359375,22050,131
1092,9.125,22050,175
1093,6.96875,22050,138
1094,10.65625,22050,212
1095,9.953125,22050,191
1096,13.78125,22050,265
1097,2.296875,22050,42
1098,8.046875,22050,158
1099,54.15625,22050,1064
1100,14.859375,22050,294
1101,4.515625,22050,91
1102,68.75,22050,1333
1103,7.890625,22050,141
1104,6.78125,22050,130
1105,7.96875,22050,154
1106,9.671875,22050,187
1107,13.0,22050,196
1108,13.140625,22050,48
1109,10.890625,22050,363
1110,7.28125,22050,132
1111,7.65625,22050,161
1112,11.765625,22050,381
1113,11.8125,22050,135
1114,10.5625,22050,180
1115,6.859375,22050,184
1116,10.421875,22050,176
1117,11.171875,22050,262
1118,20.453125,22050,219
1119,22.734375,22050,517
1120,12.71875,22050,51
1121,10.703125,22050,46
1122,12.75,22050,42
1123,8.9375,22050,49
1124,10.375,22050,1185
1125,16.53125,22050,37
1126,6.1875,22050,59
1127,10.140625,22050,22
1128,23.1875,22050,45
1129,23.96875,22050,51
1130,7.75,22050,51
1131,8.453125,22050,306
1132,7.484375,22050,521
1133,6.515625,22050,72
1134,15.234375,22050,249
1135,7.203125,22050,254
1136,23.71875,22050,223
1137,21.46875,22050,142
1138,51.828125,22050,146
1139,3.359375,22050,232
1140,10.734375,22050,222
1141,10.0,22050,203
1142,14.921875,22050,138
1143,11.09375,22050,201
1144,8.25,22050,217
1145,12.515625,22050,400
1146,2.546875,22050,437
1147,2.546875,22050,249
1148,10.625,22050,214
1149,10.65625,22050,248
1150,27.796875,22050,179
1151,4.3125,22050,194
1152,5.640625,22050,313
1153,0.71875,22050,115
1154,2.59375,22050,203
1155,8.15625,22050,452
1156,7.9375,22050,455
1157,3.828125,22050,155
1158,7.046875,22050,168
1159,8.203125,22050,142
1160,3.6875,22050,124
1161,15.9375,22050,300
1162,17.765625,22050,304
1163,24.53125,22050,142
1164,5.34375,22050,461
1165,3.484375,22050,423
1166,11.5625,22050,1009
1167,16.84375,22050,64
1168,19.609375,22050,204
1169,3.234375,22050,190
1170,3.140625,22050,286
1171,9.640625,22050,221
1172,7.25,22050,159
1173,1.484375,22050,239
1174,4.6875,22050,50
1175,8.671875,22050,50
1176,4.703125,22050,210
1177,5.09375,22050,216
1178,3.03125,22050,550
1179,7.1875,22050,87
1180,2.90625,22050,110
1181,6.40625,22050,90
1182,9.625,22050,50
1183,34.921875,22050,161
1184,7.640625,22050,153
1185,7.328125,22050,75
1186,13.0625,22050,140
1187,10.875,22050,167
1188,16.421875,22050,77
1189,5.640625,22050,307
1190,8.21875,22050,343
1191,8.4375,22050,468
1192,6.53125,22050,105
1193,6.921875,22050,64
1194,6.421875,22050,230
1195,6.34375,22050,343
1196,12.953125,22050,390
1197,8.921875,22050,60
1198,11.0,22050,61
1199,6.875,22050,189
1200,12.296875,22050,145
1201,10.375,22050,27
1202,2.640625,22050,95
1203,44.15625,22050,169
1204,55.65625,22050,91
1205,2.625,22050,97
1206,9.921875,22050,60
1207,8.53125,22050,142
1208,9.1875,22050,55
1209,8.65625,22050,129
1210,15.875,22050,188
1211,22.515625,22050,692
1212,8.515625,22050,145
1213,8.140625,22050,147
1214,12.671875,22050,254
1215,4.5625,22050,232
1216,9.90625,22050,333
1217,6.40625,22050,126
1218,14.671875,22050,198
1219,5.40625,22050,218
1220,12.421875,22050,145
1221,9.515625,22050,154
1222,10.1875,22050,145
1223,33.34375,22050,144
1224,6.859375,22050,305
1225,3.96875,22050,206
1226,12.75,22050,253
1227,22.578125,22050,159
1228,17.03125,22050,296
1229,12.171875,22050,240
1230,7.65625,22050,58
1231,10.453125,22050,1043
1232,8.703125,22050,1288
1233,12.390625,22050,59
1234,11.90625,22050,225
1235,12.4375,22050,209
1236,5.390625,22050,214
1237,12.03125,22050,200
1238,9.8125,22050,370
1239,2.234375,22050,523
1240,5.6875,22050,198
1241,9.234375,22050,187
1242,9.6875,22050,293
1243,11.328125,22050,106
1244,11.140625,22050,220
1245,4.828125,22050,148
1246,7.828125,22050,330
1247,4.328125,22050,125
1248,18.0,22050,289
1249,3.078125,22050,224
1250,1.90625,22050,240
1251,11.640625,22050,760
1252,5.3125,22050,154
1253,7.09375,22050,97
1254,7.484375,22050,303
1255,7.453125,22050,517
1256,8.296875,22050,396
1257,6.453125,22050,3694
1258,10.90625,22050,3710
1259,6.265625,22050,294
1260,7.9375,22050,187
1261,2.765625,22050,245
1262,10.609375,22050,198
1263,7.421875,22050,281
1264,7.09375,22050,266
1265,6.15625,22050,293
1266,4.890625,22050,123
1267,5.875,22050,284
1268,10.328125,22050,229
1269,3.65625,22050,52
1270,3.875,22050,123
1271,6.234375,22050,196
1272,10.046875,22050,186
1273,7.703125,22050,215
1274,3.171875,22050,208
1275,11.9375,22050,87
1276,8.390625,22050,148
1277,12.484375,22050,82
1278,4.859375,22050,355
1279,9.71875,22050,59
1280,8.859375,22050,36
1281,2.84375,22050,226
1282,9.578125,22050,100
1283,0.8125,22050,133
1284,3.03125,22050,134
1285,10.0625,22050,134
1286,12.0,22050,143
1287,13.015625,22050,122
1288,18.453125,22050,229
1289,31.484375,22050,128
1290,9.125,22050,142
1291,4.15625,22050,54
1292,19.109375,22050,215
1293,8.96875,22050,153
1294,3.03125,22050,138
1295,3.171875,22050,127
1296,51.671875,22050,98
1297,10.65625,22050,111
1298,7.703125,22050,196
1299,9.859375,22050,76
1300,2.546875,22050,73
1301,10.75,22050,121
1302,7.828125,22050,194
1303,10.984375,22050,159
1304,10.515625,22050,61
1305,3.875,22050,204
1306,7.71875,22050,141
1307,7.640625,22050,226
1308,3.078125,22050,84
1309,6.203125,22050,169
1310,7.75,22050,148
1311,6.484375,22050,46
1312,3.40625,22050,163
1313,8.90625,22050,14
1314,6.328125,22050,52
1315,9.3125,22050,182
1316,7.0,22050,232
1317,5.796875,22050,249
1318,10.125,22050,360
1319,7.015625,22050,624
1320,13.140625,22050,177
1321,14.359375,22050,85
1322,15.765625,22050,372
1323,26.578125,22050,172
1324,13.234375,22050,58
1325,30.140625,22050,62
1326,11.328125,22050,1022
1327,14.796875,22050,206
1328,12.609375,22050,150
1329,18.515625,22050,194
1330,2.125,22050,46
1331,2.15625,22050,215
1332,28.921875,22050,172
1333,15.375,22050,210
1334,1.9375,22050,215
1335,22.1875,22050,68
1336,13.46875,22050,145
1337,17.53125,22050,146
1338,16.03125,22050,55
1339,11.3125,22050,112
1340,15.609375,22050,139
1341,18.671875,22050,119
1342,16.09375,22050,61
1343,13.953125,22050,157
1344,27.78125,22050,117
1345,10.65625,22050,191
1346,7.25,22050,127
1347,8.53125,22050,115
1348,8.4375,22050,200
1349,53.328125,22050,130
1350,16.015625,22050,257
1351,17.109375,22050,282
1352,21.46875,22050,305
1353,12.875,22050,535
1354,11.28125,22050,259
1355,12.5625,22050,604
1356,20.015625,22050,209
1357,14.015625,22050,291
1358,14.703125,22050,250
1359,21.40625,22050,382
1360,19.09375,22050,42
1361,8.5625,22050,44
1362,9.65625,22050,586
1363,11.328125,22050,306
1364,4.46875,22050,36
1365,13.984375,22050,436
1366,2.265625,22050,274
1367,2.328125,22050,354
1368,2.609375,22050,312
1369,6.546875,22050,230
1370,5.796875,22050,308
1371,8.109375,22050,374
1372,0.90625,22050,330
1373,2.125,22050,285
1374,9.453125,22050,543
1375,14.109375,22050,214
1376,13.921875,22050,140
1377,2.640625,22050,167
1378,6.78125,22050,166
1379,41.46875,22050,1046
1380,51.71875,22050,308
1381,7.453125,22050,349
1382,9.671875,22050,427
1383,10.484375,22050,261
1384,2.015625,22050,231
1385,17.953125,22050,256
1386,14.09375,22050,386
1387,5.234375,22050,286
1388,6.671875,22050,288
1389,14.0,22050,435
1390,0.703125,22050,383
1391,15.9375,22050,175
1392,9.40625,22050,185
1393,10.796875,22050,231
1394,12.625,22050,87
1395,18.859375,22050,284
1396,10.21875,22050,41
1397,14.296875,22050,44
1398,4.078125,22050,49
1399,14.546875,22050,130
1400,6.46875,22050,111
1401,5.125,22050,158
1402,2.6875,22050,15
1403,7.765625,22050,42
1404,9.546875,22050,187
1405,6.234375,22050,269
1406,12.6875,22050,280
1407,13.15625,22050,50
1408,6.234375,22050,133
1409,8.484375,22050,837
1410,26.015625,22050,1046
1411,7.125,22050,147
1412,8.515625,22050,190
1413,9.046875,22050,207
1414,7.921875,22050,39
1415,5.4375,22050,341
1416,10.03125,22050,276
1417,14.46875,22050,105
1418,18.03125,22050,132
1419,17.875,22050,275
1420,4.09375,22050,13
1421,5.734375,22050,321
1422,6.90625,22050,187
1423,6.015625,22050,222
1424,8.65625,22050,253
1425,5.203125,22050,374
1426,1.90625,22050,206
1427,5.40625,22050,284
1428,4.171875,22050,78
1429,2.84375,22050,295
1430,5.859375,22050,129
1431,3.953125,22050,95
1432,1.65625,22050,49
1433,8.09375,22050,154
1434,14.40625,22050,187
1435,2.53125,22050,126
1436,10.96875,22050,259
1437,7.390625,22050,253
1438,4.5,22050,122
1439,5.96875,22050,171
1440,3.265625,22050,507
1441,4.4375,22050,141
1442,7.296875,22050,162
1443,8.796875,22050,184
1444,9.890625,22050,156
1445,8.640625,22050,110
1446,8.609375,22050,201
1447,9.34375,22050,291
1448,4.65625,22050,356
1449,6.984375,22050,373
1450,8.71875,22050,79
1451,4.40625,22050,116
1452,6.75,22050,132
1453,0.625,22050,110
1454,1.453125,22050,170
1455,9.390625,22050,106
1456,17.109375,22050,35
1457,11.4375,22050,111
1458,3.71875,22050,81
1459,12.265625,22050,54
1460,7.6875,22050,120
1461,8.59375,22050,73
1462,5.125,22050,32
1463,4.03125,22050,154
1464,8.328125,22050,285
1465,15.015625,22050,45
1466,4.640625,22050,229
1467,4.59375,22050,147
1468,8.984375,22050,89
1469,11.515625,22050,125
1470,8.703125,22050,63
1471,9.703125,22050,87
1472,8.1875,22050,148
1473,5.09375,22050,167
1474,5.1875,22050,202
1475,3.28125,22050,175
1476,8.578125,22050,171
1477,7.96875,22050,182
1478,7.25,22050,91
1479,15.4375,22050,134
1480,9.875,22050,172
1481,8.796875,22050,90
1482,19.984375,22050,131
1483,9.109375,22050,10
1484,9.375,22050,29
1485,10.5,22050,182
1486,13.703125,22050,355
1487,11.5625,22050,227
1488,5.96875,22050,76
1489,4.890625,22050,251
1490,6.75,22050,151
1491,8.140625,22050,171
1492,11.75,22050,103
1493,3.78125,22050,73
1494,14.84375,22050,175
1495,16.6875,22050,300
1496,5.203125,22050,89
1497,10.8125,22050,86
1498,16.296875,22050,170
1499,12.65625,22050,227
1500,3.171875,22050,172
1501,10.5625,22050,185
1502,11.15625,22050,160
1503,15.53125,22050,102
1504,13.109375,22050,100
1505,7.640625,22050,65
1506,8.28125,22050,179
1507,9.609375,22050,152
1508,11.703125,22050,143
1509,9.296875,22050,304
1510,5.046875,22050,196
1511,16.8125,22050,172
1512,8.828125,22050,397
1513,16.515625,22050,176
1514,14.984375,22050,194
1515,16.78125,22050,207
1516,10.65625,22050,272
1517,8.765625,22050,235
1518,8.21875,22050,121
1519,12.59375,22050,98
1520,10.515625,22050,139
1521,10.0625,22050,159
1522,15.859375,22050,230
1523,11.953125,22050,72
1524,13.71875,22050,291
1525,10.96875,22050,333
1526,10.5625,22050,103
1527,12.90625,22050,226
1528,19.8125,22050,315
1529,7.84375,22050,248
1530,8.546875,22050,65
1531,8.609375,22050,205
1532,13.109375,22050,214
1533,7.578125,22050,305
1534,7.59375,22050,253
1535,9.0625,22050,150
1536,8.359375,22050,158
1537,5.8125,22050,191
1538,8.765625,22050,226
1539,7.84375,22050,190
1540,8.703125,22050,100
1541,8.84375,22050,328
1542,6.203125,22050,183
1543,10.875,22050,321
1544,7.25,22050,303
1545,11.046875,22050,337
1546,12.3125,22050,202
1547,9.90625,22050,172
1548,26.296875,22050,163
1549,11.421875,22050,243
1550,15.765625,22050,210
1551,12.1875,22050,200
1552,13.0,22050,311
1553,28.875,22050,241
1554,2.28125,22050,282
1555,9.875,22050,224
1556,8.046875,22050,210
1557,11.4375,22050,259
1558,12.578125,22050,394
1559,4.8125,22050,152
1560,8.0,22050,165
1561,5.359375,22050,174
1562,10.703125,22050,249
1563,2.5625,22050,144
1564,4.234375,22050,147
1565,5.046875,22050,174
1566,7.6875,22050,162
1567,5.234375,22050,117
1568,7.765625,22050,171
1569,7.609375,22050,154
1570,6.4375,22050,167
1571,3.125,22050,170
1572,4.265625,22050,121
1573,4.359375,22050,222
1574,4.3125,22050,142
1575,9.0625,22050,216
1576,3.46875,22050,233
1577,5.59375,22050,193
1578,5.65625,22050,503
1579,11.859375,22050,216
1580,8.21875,22050,306
1581,6.25,22050,235
1582,11.84375,22050,255
1583,7.046875,22050,575
1584,21.046875,22050,44
1585,22.625,22050,195
1586,31.46875,22050,161
1587,28.71875,22050,216
1588,26.53125,22050,251
1589,16.34375,22050,94
1590,1.015625,22050,151
1591,77.953125,22050,107
1592,4.5625,22050,214
1593,10.171875,22050,46
1594,79.65625,22050,84
1595,5.25,22050,101
1596,4.765625,22050,156
1597,4.53125,22050,105
1598,5.265625,22050,155
1599,13.4375,22050,148
1600,11.78125,22050,123
1601,15.328125,22050,58
1602,6.4375,22050,86
1603,1.9375,22050,87
1604,10.265625,22050,91
1605,10.15625,22050,183
1606,11.359375,22050,68
1607,6.703125,22050,118
1608,11.171875,22050,112
1609,11.015625,22050,224
1610,5.984375,22050,151
1611,16.4375,22050,119
1612,18.3125,22050,224
1613,6.546875,22050,142
1614,2.21875,22050,413
1615,24.421875,22050,438
1616,13.75,22050,611
1617,10.96875,22050,555
1618,5.359375,22050,528
1619,20.1875,22050,320
1620,20.28125,22050,19
1621,8.046875,22050,1529
1622,8.90625,22050,87
1623,7.703125,22050,206
1624,6.609375,22050,1562
1625,32.421875,22050,106
1626,17.234375,22050,95
1627,6.859375,22050,86
1628,9.6875,22050,104
1629,11.0625,22050,268
1630,19.375,22050,232
1631,11.53125,22050,296
1632,12.453125,22050,129
1633,18.40625,22050,34
1634,12.265625,22050,203
1635,16.390625,22050,210
1636,5.34375,22050,222
1637,4.0625,22050,136
1638,8.8125,22050,235
1639,7.125,22050,216
1640,5.171875,22050,117
1641,6.453125,22050,331
1642,8.1875,22050,365
1643,8.828125,22050,124
1644,8.296875,22050,41
1645,8.234375,22050,486
1646,12.6875,22050,275
1647,15.796875,22050,227
1648,7.171875,22050,104
1649,4.625,22050,410
1650,22.546875,22050,403
1651,12.8125,22050,159
1652,13.578125,22050,181
1653,12.015625,22050,150
1654,13.765625,22050,125
1655,7.03125,22050,654
1656,8.171875,22050,345
1657,3.859375,22050,136
1658,5.65625,22050,200
1659,1.625,22050,204
1660,9.109375,22050,385
1661,5.53125,22050,203
1662,1.59375,22050,245
1663,7.40625,22050,357
1664,8.390625,22050,238
1665,6.015625,22050,333
1666,5.375,22050,108
1667,10.21875,22050,81
1668,7.0,22050,175
1669,2.390625,22050,144
1670,4.265625,22050,100
1671,8.53125,22050,126
1672,4.203125,22050,165
1673,7.90625,22050,177
1674,7.796875,22050,164
1675,11.0,22050,174
1676,10.734375,22050,246
1677,12.703125,22050,318
1678,7.75,22050,141
1679,54.96875,22050,88
1680,36.015625,22050,453
1681,6.0625,22050,257
1682,5.609375,22050,273
1683,9.875,22050,244
1684,12.4375,22050,271
1685,10.203125,22050,146
1686,9.625,22050,162
1687,55.0,22050,75
1688,10.546875,22050,109
1689,17.890625,22050,34
1690,8.625,22050,179
1691,12.828125,22050,113
1692,51.53125,22050,29
1693,20.640625,22050,145
1694,5.96875,22050,172
1695,14.21875,22050,121
1696,8.359375,22050,113
1697,8.609375,22050,205
1698,8.921875,22050,141
1699,17.40625,22050,46
1700,91.421875,22050,79
1701,13.84375,22050,170
1702,7.84375,22050,80
1703,50.578125,22050,160
1704,17.96875,22050,155
1705,0.875,22050,226
1706,17.5625,22050,208
1707,12.234375,22050,258
1708,8.25,22050,153
1709,26.703125,22050,18350
1710,21.921875,22050,1098
1711,112.484375,22050,710
1712,23.140625,22050,118
1713,6.90625,22050,118
1714,22.125,22050,197
1715,5.765625,22050,246
1716,7.078125,22050,208
1717,6.484375,22050,190
1718,11.921875,22050,1106
1719,8.53125,22050,208
1720,8.84375,22050,354
1721,9.921875,22050,171
1722,10.203125,22050,248
1723,12.84375,22050,1032
1724,15.96875,22050,404
1725,19.859375,22050,115
1726,21.203125,22050,288
1727,15.796875,22050,166
1728,20.375,22050,174
1729,27.21875,22050,173
1730,6.8125,22050,349
1731,6.71875,22050,1798
1732,6.59375,22050,268
1733,6.671875,22050,162
1734,2.96875,22050,998
1735,13.90625,22050,362
1736,6.953125,22050,518
1737,10.53125,22050,357
1738,8.4375,22050,239
1739,6.4375,22050,164
1740,6.4375,22050,524
1741,15.109375,22050,448
1742,12.46875,22050,2256
1743,20.0,22050,467
1744,13.375,22050,139
1745,9.015625,22050,435
1746,5.640625,22050,113
1747,12.28125,22050,140
1748,10.96875,22050,135
1749,11.0625,22050,239
1750,10.984375,22050,164
1751,11.40625,22050,180
1752,8.40625,22050,194
1753,7.4375,22050,207
1754,18.765625,22050,245
1755,20.546875,22050,312
1756,3.328125,22050,390
1757,6.046875,22050,421
1758,15.046875,22050,317
1759,13.359375,22050,429
1760,14.5,22050,550
1761,6.125,22050,148
1762,6.828125,22050,135
1763,92.296875,22050,135
1764,79.953125,22050,141
1765,9.265625,22050,57
1766,5.078125,22050,279
1767,10.546875,22050,148
1768,5.828125,22050,200
1769,8.578125,22050,168
1770,6.375,22050,131
1771,5.125,22050,130
1772,4.875,22050,297
1773,4.875,22050,251
1774,9.96875,22050,398
1775,6.90625,22050,267
1776,7.953125,22050,178
1777,11.734375,22050,109
1778,9.21875,22050,245
1779,14.78125,22050,212
1780,8.859375,22050,221
1781,10.046875,22050,222
1782,11.078125,22050,221
1783,13.59375,22050,160
1784,16.578125,22050,144
1785,15.21875,22050,370
1786,20.921875,22050,410
1787,20.03125,22050,59
1788,15.359375,22050,116
1789,5.21875,22050,294
1790,2.140625,22050,255
1791,0.96875,22050,285
1792,7.46875,22050,124
1793,3.90625,22050,136
1794,24.109375,22050,1822
1795,13.234375,22050,1584
1796,10.40625,22050,177
1797,13.8125,22050,102
1798,12.984375,22050,219
1799,10.296875,22050,125
1800,9.484375,22050,201
1801,12.9375,22050,127
1802,12.359375,22050,101
1803,17.890625,22050,98
1804,9.59375,22050,95
1805,12.421875,22050,194
1806,6.234375,22050,137
1807,8.96875,22050,155
1808,13.0625,22050,227
1809,102.890625,22050,177
1810,5.1875,22050,298
1811,5.8125,22050,187
1812,5.9375,22050,211
1813,3.6875,22050,225
1814,4.921875,22050,278
1815,7.21875,22050,322
1816,6.078125,22050,298
1817,5.40625,22050,417
1818,5.53125,22050,402
1819,4.921875,22050,312
1820,12.609375,22050,108
1821,8.796875,22050,45
1822,8.203125,22050,18
1823,8.15625,22050,156
1824,8.6875,22050,76
1825,10.4375,22050,479
1826,11.5625,22050,268
1827,11.765625,22050,210
1828,7.234375,22050,290
1829,91.296875,22050,260
1830,19.96875,22050,209
1831,10.1875,22050,183
1832,19.25,22050,256
1833,5.984375,22050,255
1834,14.265625,22050,360
1835,21.828125,22050,201
1836,6.625,22050,252
1837,18.421875,22050,115
1838,19.703125,22050,188
1839,26.046875,22050,257
1840,15.296875,22050,2058
1841,10.28125,22050,103
1842,25.03125,22050,111
1843,15.453125,22050,116
1844,8.328125,22050,78
1845,15.265625,22050,101
1846,21.4375,22050,137
1847,15.65625,22050,124
1848,3.671875,22050,104
1849,8.890625,22050,109
1850,7.625,22050,97
1851,13.90625,22050,243
1852,9.21875,22050,175
1853,9.3125,22050,171
1854,19.6875,22050,157
1855,19.953125,22050,172
1856,7.609375,22050,208
1857,10.046875,22050,226
1858,5.5,22050,229
1859,9.09375,22050,144
1860,8.71875,22050,1801
1861,11.046875,22050,395
1862,8.890625,22050,196
1863,47.640625,22050,372
1864,109.75,22050,122
1865,9.265625,22050,286
1866,7.59375,22050,427
1867,9.3125,22050,130
1868,7.65625,22050,372
1869,7.40625,22050,400
1870,8.921875,22050,502
1871,10.734375,22050,291
1872,64.34375,22050,273
1873,7.34375,22050,568
1874,13.34375,22050,357
1875,29.59375,22050,197
1876,39.015625,22050,351
1877,36.6875,22050,495
1878,4.015625,22050,362
1879,18.078125,22050,83
1880,16.25,22050,200
1881,5.40625,22050,181
1882,15.046875,22050,319
1883,37.0625,22050,222
1884,6.578125,22050,211
1885,23.578125,22050,459
1886,41.15625,22050,455
1887,9.421875,22050,170
1888,11.71875,22050,242
1889,8.890625,22050,130
1890,11.046875,22050,208
1891,22.828125,22050,188
1892,13.640625,22050,247
1893,16.640625,22050,210
1894,12.3125,22050,1099
1895,27.40625,22050,2511
1896,80.953125,22050,214
1897,9.84375,22050,171
1898,17.859375,22050,218
1899,9.796875,22050,186
1900,8.046875,22050,179
1901,6.09375,22050,207
1902,7.3125,22050,258
1903,10.421875,22050,1528
1904,9.96875,22050,169
1905,13.25,22050,302
1906,12.359375,22050,676
1907,12.359375,22050,781
1908,18.75,22050,713
1909,35.125,22050,76
1910,8.875,22050,345
1911,5.671875,22050,320
1912,13.09375,22050,101
1913,12.4375,22050,297
1914,9.109375,22050,722
1915,6.296875,22050,130
1916,7.140625,22050,453
1917,8.859375,22050,790
1918,7.4375,22050,186
1919,89.1875,22050,232
1920,10.1875,22050,168
1921,13.8125,22050,216
1922,9.796875,22050,452
1923,11.359375,22050,265
1924,14.03125,22050,319
1925,10.640625,22050,235
1926,9.65625,22050,540
1927,84.015625,22050,1593
1928,9.046875,22050,194
1929,7.375,22050,355
1930,7.5,22050,188
1931,6.28125,22050,160
1932,8.609375,22050,122
1933,12.65625,22050,140
1934,6.46875,22050,203
1935,16.125,22050,190
1936,16.75,22050,255
1937,7.65625,22050,238
1938,9.390625,22050,243
1939,154.15625,22050,368
1940,8.296875,22050,695
1941,22.765625,22050,176
1942,10.375,22050,105
1943,15.171875,22050,258
1944,22.828125,22050,248
1945,23.84375,22050,173
1946,6.578125,22050,124
1947,18.28125,22050,139
1948,5.703125,22050,180
1949,14.0,22050,141
1950,9.0,22050,1727
1951,8.21875,22050,199
1952,7.765625,22050,261
1953,5.203125,22050,193
1954,9.984375,22050,230
1955,7.296875,22050,287
1956,9.65625,22050,207
1957,11.40625,22050,193
1958,6.859375,22050,1652
1959,10.078125,22050,173
1960,6.6875,22050,140
1961,11.671875,22050,148
1962,15.0625,22050,124
1963,34.671875,22050,174
1964,7.140625,22050,246
1965,9.46875,22050,127
1966,11.40625,22050,322
1967,10.5,22050,322
1968,18.15625,22050,151
1969,11.609375,22050,184
1970,16.140625,22050,3086
1971,93.90625,22050,156
1972,8.84375,22050,448
1973,8.046875,22050,207
1974,8.3125,22050,305
1975,7.890625,22050,452
1976,8.546875,22050,478
1977,6.53125,22050,128
1978,6.390625,22050,356
1979,9.40625,22050,111
1980,18.21875,22050,290
1981,16.796875,22050,186
1982,13.71875,22050,167
1983,16.265625,22050,148
1984,17.5,22050,103
1985,13.125,22050,204
1986,7.078125,22050,145
1987,9.109375,22050,186
1988,19.0625,22050,226
1989,10.765625,22050,134
1990,7.640625,22050,197
1991,10.90625,22050,133
1992,13.703125,22050,223
1993,6.75,22050,297
1994,7.96875,22050,679
1995,16.28125,22050,142
1996,11.328125,22050,189
1997,15.875,22050,221
1998,15.03125,22050,222
1999,17.140625,22050,364
2000,12.609375,22050,232
2001,7.21875,22050,326
2002,7.75,22050,1859
2003,24.09375,22050,175
2004,4.125,22050,153
2005,117.140625,22050,162
2006,24.046875,22050,159
2007,119.765625,22050,175
2008,17.375,22050,139
2009,12.9375,22050,130
2010,24.765625,22050,185
2011,14.578125,22050,361
2012,23.984375,22050,344
2013,171.265625,22050,286
2014,162.34375,22050,327
2015,14.578125,22050,353
2016,16.21875,22050,268
2017,11.09375,22050,142
2018,16.90625,22050,187
2019,18.125,22050,376
2020,10.515625,22050,208
2021,11.4375,22050,146
2022,16.109375,22050,217
2023,9.84375,22050,272
2024,17.109375,22050,137
2025,17.90625,22050,157
2026,15.0,22050,337
2027,42.03125,22050,214
2028,9.0,22050,328
2029,72.6875,22050,294
2030,112.453125,22050,336
2031,36.390625,22050,245
2032,26.0,22050,137
2033,16.140625,22050,157
2034,13.5,22050,499
2035,18.125,22050,84
2036,6.765625,22050,2356
2037,7.421875,22050,486
2038,34.90625,22050,2375
2039,10.234375,22050,341
2040,9.28125,22050,245
2041,24.125,22050,482
2042,11.921875,22050,281
2043,9.625,22050,476
2044,34.65625,22050,3408
2045,108.078125,22050,3278
2046,45.453125,22050,294
2047,12.1875,22050,326
2048,10.953125,22050,224
2049,10.203125,22050,329
2050,10.859375,22050,367
2051,16.15625,22050,214
2052,13.59375,22050,240
2053,13.5625,22050,318
2054,12.28125,22050,202
2055,12.796875,22050,323
2056,22.65625,22050,370
2057,18.5625,22050,289
2058,12.65625,22050,855
2059,27.140625,22050,175
2060,9.609375,22050,1446
2061,30.1875,22050,2238
2062,22.546875,22050,713
2063,14.515625,22050,526
2064,31.140625,22050,326
2065,10.609375,22050,264
2066,17.53125,22050,362
2067,12.015625,22050,131
2068,8.6875,22050,149
2069,11.328125,22050,690
2070,61.140625,22050,206
2071,30.328125,22050,177
2072,18.078125,22050,476
2073,22.703125,22050,239
2074,13.78125,22050,196
2075,21.65625,22050,706
2076,9.046875,22050,2177
2077,11.328125,22050,918
2078,10.625,22050,230
2079,12.390625,22050,215
2080,10.71875,22050,208
2081,4.71875,22050,216
2082,16.1875,22050,324
2083,16.140625,22050,268
2084,12.390625,22050,264
2085,13.890625,22050,249
2086,8.859375,22050,249
2087,23.71875,22050,442
2088,10.25,22050,351
2089,9.15625,22050,257
2090,13.078125,22050,541
2091,11.859375,22050,180
2092,9.75,22050,601
2093,10.421875,22050,444
2094,16.0625,22050,282
2095,4.734375,22050,616
2096,14.59375,22050,220
2097,16.203125,22050,342
2098,4.703125,22050,239
2099,6.5,22050,163
2100,8.109375,22050,222
2101,10.859375,22050,1210
2102,30.546875,22050,3667
2103,5.546875,22050,594
2104,119.203125,22050,363
2105,3.53125,22050,445
2106,9.5625,22050,258
2107,7.671875,22050,423
2108,9.09375,22050,182
2109,5.53125,22050,221
2110,7.625,22050,212
2111,9.015625,22050,234
2112,7.375,22050,209
2113,5.25,22050,98
2114,4.984375,22050,330
2115,6.46875,22050,336
2116,3.609375,22050,243
2117,9.359375,22050,280
2118,25.640625,22050,168
2119,77.234375,22050,472
2120,10.9375,22050,202
2121,10.375,22050,181
2122,14.234375,22050,253
2123,14.40625,22050,236
2124,9.296875,22050,196
2125,4.28125,22050,204
2126,21.140625,22050,326
2127,15.78125,22050,103
2128,26.796875,22050,283
2129,23.765625,22050,321
2130,14.765625,22050,92
2131,53.34375,22050,131
2132,50.78125,22050,160
2133,25.515625,22050,218
2134,24.671875,22050,623
2135,21.609375,22050,111
2136,26.78125,22050,2375
2137,31.921875,22050,73
2138,27.21875,22050,184
2139,39.15625,22050,155
2140,18.109375,22050,180
2141,12.09375,22050,109
2142,14.640625,22050,140
2143,14.796875,22050,187
2144,11.125,22050,151
2145,12.59375,22050,101
2146,12.5625,22050,95
2147,13.984375,22050,116
2148,16.265625,22050,65
2149,11.203125,22050,185
2150,11.640625,22050,517
2151,9.53125,22050,1533
2152,13.984375,22050,225
2153,16.140625,22050,204
2154,12.765625,22050,287
2155,8.65625,22050,291
2156,12.234375,22050,182
2157,164.125,22050,88
2158,42.09375,22050,419
2159,101.625,22050,316
2160,69.1875,22050,525
2161,15.28125,22050,469
2162,12.90625,22050,301
2163,13.265625,22050,1064
2164,9.5,22050,1022
2165,9.421875,22050,499
2166,8.390625,22050,489
2167,8.90625,22050,436
2168,18.875,22050,536
2169,125.28125,22050,630
2170,12.578125,22050,538
2171,17.0625,22050,778
2172,11.90625,22050,356
2173,17.265625,22050,235
2174,43.78125,22050,306
2175,23.046875,22050,288
2176,9.4375,22050,220
2177,6.3125,22050,256
2178,8.046875,22050,248
2179,8.625,22050,275
2180,6.15625,22050,316
2181,8.15625,22050,230
2182,8.984375,22050,236
2183,10.46875,22050,197
2184,23.421875,22050,277
2185,14.796875,22050,321
2186,38.59375,22050,253
2187,39.078125,22050,165
2188,28.5625,22050,243
2189,99.0,22050,3261
2190,149.734375,22050,839
2191,11.875,22050,2016
2192,22.109375,22050,1375
2193,11.015625,22050,305
2194,14.46875,22050,256
2195,17.984375,22050,270
2196,15.640625,22050,184
2197,6.578125,22050,187
2198,9.59375,22050,172
2199,16.390625,22050,173
2200,12.78125,22050,371
2201,10.171875,22050,2451
2202,14.921875,22050,258
2203,10.828125,22050,347
2204,11.703125,22050,242
2205,7.953125,22050,345
2206,8.328125,22050,860
2207,6.515625,22050,456
2208,61.65625,22050,3666
2209,15.46875,22050,181
2210,18.8125,22050,125
2211,5.03125,22050,157
2212,6.046875,22050,163
2213,2.734375,22050,123
2214,10.734375,22050,163
2215,6.21875,22050,173
2216,22.546875,22050,207
2217,8.84375,22050,467
2218,7.140625,22050,374
2219,11.1875,22050,626
2220,7.453125,22050,639
2221,10.234375,22050,652
2222,6.546875,22050,2315
2223,10.71875,22050,3421
2224,0.875,22050,263
2225,10.359375,22050,508
2226,7.125,22050,264
2227,4.890625,22050,337
2228,7.640625,22050,410
2229,6.921875,22050,361
2230,9.71875,22050,158
2231,7.734375,22050,218
2232,8.96875,22050,388
2233,7.96875,22050,301
2234,7.5,22050,235
2235,7.6875,22050,350
2236,6.578125,22050,258
2237,8.046875,22050,277
2238,11.5,22050,184
2239,11.4375,22050,194
2240,11.390625,22050,157
2241,6.59375,22050,1232
2242,8.734375,22050,310
2243,6.25,22050,377
2244,7.203125,22050,102
2245,17.453125,22050,118
2246,11.515625,22050,52
2247,9.90625,22050,204
2248,8.609375,22050,123
2249,12.9375,22050,445
2250,6.375,22050,169
2251,8.25,22050,142
2252,9.21875,22050,212
2253,7.546875,22050,152
2254,11.46875,22050,199
2255,12.203125,22050,130
2256,6.1875,22050,211
2257,13.671875,22050,16
2258,8.234375,22050,212
2259,13.984375,22050,139
2260,7.109375,22050,96
2261,10.75,22050,148
2262,10.953125,22050,139
2263,10.359375,22050,184
2264,9.484375,22050,150
2265,29.40625,22050,182
2266,11.09375,22050,150
2267,5.8125,22050,143
2268,15.359375,22050,150
2269,11.765625,22050,170
2270,6.28125,22050,185
2271,18.0,22050,236
2272,10.375,22050,241
2273,15.1875,22050,231
2274,11.671875,22050,158
2275,34.765625,22050,211
